<?xml version="1.0" encoding="UTF-8"?>
<Configuration status="INFO">

    <Appenders>
        <Console name="STDOUT" target="SYSTEM_OUT">
            <!-- <PatternLayout pattern="%d %-5p [%t] %C{2} (%F:%L) - %m%n"/> -->
            <PatternLayout pattern=".%d{yyyy-MM-dd HH:mm:ss.SSS} [%thread] [%file:%line]
                %-5level %logger{36} - %msg %n"/>
        </Console>

        <RollingFile name="RollingFile" fileName="logs/app.log"
                     filePattern="logs/$${date:yyyy-MM}/app-%d{MM-dd-yyyy}-%i.log">
            <PatternLayout>
                <Pattern>%d{yyyy-MM-dd HH:mm:ss.SSS} [%thread] [%file:%line] %-5level %logger{35} - %msg %n</Pattern>
            </PatternLayout>
            <Policies>
                <TimeBasedTriggeringPolicy />
                <SizeBasedTriggeringPolicy size="102400KB"/>
            </Policies>
            <DefaultRolloverStrategy fileIndex="max" max="2"/>
        </RollingFile>
    </Appenders>
    <Loggers>

        <Root level="info">
            <AppenderRef ref="STDOUT"/>
            <AppenderRef ref="RollingFile"/>
        </Root>
    </Loggers>

</Configuration>